{"trained_on_tripadvisor_hotels_ukraine__eval_on_tripadvisor_hotels_ukraine": {"trained_on_data": "tripadvisor_hotels_ukraine", "evaluated_on_data": "tripadvisor_hotels_ukraine", "f1_micro_train": 0.6198608178903745, "f1_micro_val": 0.48605029400725636, "f1_micro_test": 0.4768576432324243, "conf_matrix_train": [[2551, 242, 170, 101, 178], [371, 1969, 234, 186, 194], [529, 589, 3823, 1070, 790], [780, 997, 2013, 8354, 3556], [1709, 1779, 2742, 6078, 22940]], "conf_matrix_val": [[186, 66, 46, 35, 59], [90, 84, 81, 63, 52], [98, 112, 233, 253, 160], [109, 143, 361, 711, 627], [208, 262, 366, 917, 2671]], "conf_matrix_test": [[190, 82, 48, 33, 66], [78, 83, 82, 60, 65], [101, 113, 225, 240, 165], [93, 158, 343, 759, 621], [243, 249, 411, 931, 2555]]}}