{"trained_on_all_data__eval_on_all_data": {"trained_on_data": "all_data", "evaluated_on_data": "all_data", "f1_micro_train": 0.6491239317850974, "f1_micro_val": 0.5546236234726203, "f1_micro_test": 0.5569969680056718, "conf_matrix_train": [[25429, 3553, 2287, 1332, 2189], [4495, 14323, 2519, 1539, 1801], [4127, 3994, 20517, 5154, 4037], [5837, 5896, 9907, 43343, 21449], [18111, 16401, 22952, 48498, 240634]], "conf_matrix_val": [[2334, 774, 520, 290, 439], [910, 779, 589, 386, 418], [720, 757, 1250, 1148, 805], [832, 905, 1736, 3831, 3488], [2554, 2225, 3190, 6838, 28572]], "conf_matrix_test": [[2310, 771, 475, 322, 463], [901, 788, 588, 397, 413], [764, 760, 1326, 1175, 752], [870, 843, 1712, 3771, 3620], [2381, 2209, 3114, 6838, 28730]]}, "trained_on_all_data__eval_on_rozetka": {"trained_on_data": "all_data", "evaluated_on_data": "rozetka", "f1_micro_train": 0.6963184409766867, "f1_micro_val": 0.6169533922099137, "f1_micro_test": 0.6199239388447892, "conf_matrix_train": [[14066, 1840, 834, 502, 1449], [2449, 7649, 865, 508, 1110], [2436, 2137, 8141, 1536, 2355], [3810, 3199, 3757, 17263, 14000], [12325, 9826, 9912, 20332, 171126]], "conf_matrix_val": [[1339, 409, 208, 121, 289], [509, 450, 216, 138, 261], [397, 383, 482, 334, 447], [550, 465, 612, 1406, 2181], [1784, 1341, 1421, 2941, 20494]], "conf_matrix_test": [[1291, 392, 183, 133, 308], [477, 473, 226, 163, 233], [441, 397, 490, 365, 415], [554, 443, 633, 1406, 2257], [1636, 1321, 1329, 2985, 20628]]}, "trained_on_all_data__eval_on_tripadvisor_hotels_ukraine": {"trained_on_data": "all_data", "evaluated_on_data": "tripadvisor_hotels_ukraine", "f1_micro_train": 0.5495191179920244, "f1_micro_val": 0.4392593519329413, "f1_micro_test": 0.4357017763322492, "conf_matrix_train": [[2109, 319, 383, 271, 160], [383, 1524, 496, 416, 135], [396, 443, 3975, 1592, 395], [531, 722, 2160, 10335, 1952], [1455, 1736, 4088, 10773, 17196]], "conf_matrix_val": [[182, 60, 77, 40, 33], [88, 72, 106, 78, 26], [64, 93, 258, 355, 86], [81, 122, 372, 1007, 369], [196, 218, 563, 1455, 1992]], "conf_matrix_test": [[176, 77, 69, 57, 40], [71, 66, 105, 84, 42], [84, 84, 281, 306, 89], [77, 108, 405, 1014, 370], [189, 213, 553, 1488, 1946]]}, "trained_on_all_data__eval_on_tripadvisor_restaurants_ukraine": {"trained_on_data": "all_data", "evaluated_on_data": "tripadvisor_restaurants_ukraine", "f1_micro_train": 0.5940556514462053, "f1_micro_val": 0.4751294523772164, "f1_micro_test": 0.478765690376569, "conf_matrix_train": [[9254, 1394, 1070, 559, 580], [1663, 5150, 1158, 615, 556], [1295, 1414, 8401, 2026, 1287], [1496, 1975, 3990, 15745, 5497], [4331, 4839, 8952, 17393, 52312]], "conf_matrix_val": [[813, 305, 235, 129, 117], [313, 257, 267, 170, 131], [259, 281, 510, 459, 272], [201, 318, 752, 1418, 938], [574, 666, 1206, 2442, 6086]], "conf_matrix_test": [[843, 302, 223, 132, 115], [353, 249, 257, 150, 138], [239, 279, 555, 504, 248], [239, 292, 674, 1351, 993], [556, 675, 1232, 2365, 6156]]}}