{"trained_on_rozetka__eval_on_rozetka": {"trained_on_data": "rozetka", "evaluated_on_data": "rozetka", "f1_micro_train": 0.6709249681744074, "f1_micro_val": 0.584435142171627, "f1_micro_test": 0.5885806171673601, "conf_matrix_train": [[13730, 1944, 1329, 652, 1036], [2157, 7776, 1263, 608, 777], [1895, 1749, 9659, 1685, 1617], [3258, 2929, 4330, 20722, 10790], [12345, 10377, 13376, 29024, 158399]], "conf_matrix_val": [[1266, 416, 299, 153, 232], [453, 445, 294, 178, 204], [352, 372, 562, 422, 335], [496, 468, 682, 1708, 1860], [1693, 1399, 1847, 4126, 18916]], "conf_matrix_test": [[1243, 403, 266, 168, 227], [438, 464, 283, 192, 195], [370, 373, 595, 446, 324], [488, 431, 749, 1727, 1898], [1632, 1398, 1807, 4031, 19031]]}}