{"trained_on_tripadvisor_restaurants_ukraine__eval_on_tripadvisor_restaurants_ukraine": {"trained_on_data": "tripadvisor_restaurants_ukraine", "evaluated_on_data": "tripadvisor_restaurants_ukraine", "f1_micro_train": 0.6304984570322716, "f1_micro_val": 0.5073487107066269, "f1_micro_test": 0.5114016736401673, "conf_matrix_train": [[9522, 1302, 887, 524, 622], [1741, 5225, 968, 606, 602], [1541, 1440, 7768, 2055, 1619], [1704, 1860, 3248, 15151, 6740], [4794, 4140, 6440, 13683, 58770]], "conf_matrix_val": [[856, 298, 205, 106, 134], [335, 252, 234, 168, 149], [257, 286, 489, 436, 313], [259, 296, 641, 1283, 1148], [656, 597, 862, 2039, 6820]], "conf_matrix_test": [[877, 309, 185, 122, 122], [359, 255, 244, 140, 149], [273, 281, 477, 467, 327], [261, 281, 546, 1277, 1184], [642, 581, 902, 1967, 6892]]}}