{"trained_on_rozetka__eval_on_rozetka": {"trained_on_data": "rozetka", "evaluated_on_data": "rozetka", "f1_micro_train": 0.7222798291149135, "f1_micro_val": 0.7215784368778396, "f1_micro_test": 0.7202072538860104, "conf_matrix_train": [[2773, 17, 8, 97, 15796], [1091, 28, 5, 231, 11226], [630, 14, 11, 609, 15341], [447, 9, 4, 1656, 39913], [441, 8, 4, 1154, 221914]], "conf_matrix_val": [[296, 3, 1, 19, 2047], [153, 3, 0, 25, 1393], [89, 4, 2, 76, 1872], [48, 0, 0, 198, 4968], [62, 2, 0, 146, 27771]], "conf_matrix_test": [[309, 2, 3, 11, 1982], [130, 3, 0, 22, 1417], [87, 4, 0, 79, 1938], [43, 1, 3, 210, 5036], [49, 0, 1, 154, 27695]]}}