{"trained_on_tripadvisor_restaurants_ukraine__eval_on_tripadvisor_restaurants_ukraine": {"trained_on_data": "tripadvisor_restaurants_ukraine", "evaluated_on_data": "tripadvisor_restaurants_ukraine", "f1_micro_train": 0.6053925414509127, "f1_micro_val": 0.5997175584497098, "f1_micro_test": 0.5977510460251046, "conf_matrix_train": [[3592, 68, 132, 224, 8841], [1130, 176, 245, 350, 7241], [654, 61, 702, 957, 12049], [340, 33, 296, 2190, 25844], [587, 34, 168, 1102, 85936]], "conf_matrix_val": [[432, 11, 13, 42, 1101], [147, 12, 24, 36, 919], [89, 8, 77, 112, 1495], [49, 6, 46, 233, 3293], [69, 7, 19, 167, 10712]], "conf_matrix_test": [[408, 19, 22, 35, 1131], [153, 10, 21, 44, 919], [98, 10, 72, 130, 1515], [51, 4, 35, 198, 3261], [66, 5, 17, 155, 10741]]}}