{"trained_on_all_data__eval_on_all_data": {"trained_on_data": "all_data", "evaluated_on_data": "all_data", "f1_micro_train": 0.6749100549852542, "f1_micro_val": 0.6695429174837834, "f1_micro_test": 0.6682606006667371, "conf_matrix_train": [[7593, 151, 171, 733, 26142], [2377, 355, 347, 1225, 20373], [1344, 177, 1031, 3217, 32060], [884, 97, 357, 7227, 77867], [993, 65, 174, 3649, 341715]], "conf_matrix_val": [[874, 18, 15, 126, 3324], [326, 27, 35, 131, 2563], [201, 19, 76, 413, 3971], [106, 14, 41, 754, 9877], [142, 9, 32, 543, 42653]], "conf_matrix_test": [[844, 26, 28, 97, 3346], [310, 27, 47, 136, 2567], [199, 28, 85, 411, 4054], [108, 9, 48, 773, 9878], [113, 9, 31, 547, 42572]]}, "trained_on_all_data__eval_on_rozetka": {"trained_on_data": "all_data", "evaluated_on_data": "rozetka", "f1_micro_train": 0.7272187782162992, "f1_micro_val": 0.7244371841339527, "f1_micro_test": 0.7233977385844458, "conf_matrix_train": [[3734, 84, 42, 151, 14680], [1271, 173, 85, 300, 10752], [753, 101, 257, 767, 14727], [610, 57, 146, 2329, 38887], [650, 24, 78, 1332, 221437]], "conf_matrix_val": [[419, 8, 3, 33, 1903], [181, 8, 17, 30, 1338], [113, 8, 22, 108, 1792], [76, 7, 16, 252, 4863], [99, 5, 16, 180, 27681]], "conf_matrix_test": [[410, 12, 3, 16, 1866], [161, 18, 13, 29, 1351], [114, 14, 17, 95, 1868], [67, 6, 23, 262, 4935], [72, 2, 17, 173, 27635]]}, "trained_on_all_data__eval_on_tripadvisor_hotels_ukraine": {"trained_on_data": "all_data", "evaluated_on_data": "tripadvisor_hotels_ukraine", "f1_micro_train": 0.5833450621627961, "f1_micro_val": 0.5692480920805705, "f1_micro_test": 0.5691768826619965, "conf_matrix_train": [[604, 8, 25, 195, 2410], [166, 22, 50, 359, 2357], [110, 6, 190, 1173, 5322], [64, 7, 63, 2573, 12993], [61, 6, 20, 1248, 33913]], "conf_matrix_val": [[67, 1, 1, 34, 289], [20, 1, 3, 45, 301], [15, 1, 12, 150, 678], [3, 1, 8, 254, 1685], [7, 0, 6, 195, 4216]], "conf_matrix_test": [[61, 2, 1, 29, 326], [17, 0, 8, 47, 296], [18, 2, 17, 158, 649], [7, 0, 10, 302, 1655], [9, 2, 4, 204, 4170]]}, "trained_on_all_data__eval_on_tripadvisor_restaurants_ukraine": {"trained_on_data": "all_data", "evaluated_on_data": "tripadvisor_restaurants_ukraine", "f1_micro_train": 0.6060005753438987, "f1_micro_val": 0.5989853025785867, "f1_micro_test": 0.596705020920502, "conf_matrix_train": [[3255, 59, 104, 387, 9052], [940, 160, 212, 566, 7264], [481, 70, 584, 1277, 12011], [210, 33, 148, 2325, 25987], [282, 35, 76, 1069, 86365]], "conf_matrix_val": [[388, 9, 11, 59, 1132], [125, 18, 15, 56, 924], [73, 10, 42, 155, 1501], [27, 6, 17, 248, 3329], [36, 4, 10, 168, 10756]], "conf_matrix_test": [[373, 12, 24, 52, 1154], [132, 9, 26, 60, 920], [67, 12, 51, 158, 1537], [34, 3, 15, 209, 3288], [32, 5, 10, 170, 10767]]}}