{"vect__max_df": 0.801616858093897, "vect__min_df": 43, "vect__ngram_range": [1, 2], "clf__max_depth": 25, "clf__gamma": 2.8634262220789792, "clf__reg_alpha": 145, "clf__reg_lambda": 0.11096807284681923, "clf__colsample_bytree": 0.898231466262707, "clf__min_child_weight": 6, "clf__n_estimators": 183}