{"trained_on_tripadvisor_hotels_ukraine__eval_on_tripadvisor_hotels_ukraine": {"trained_on_data": "tripadvisor_hotels_ukraine", "evaluated_on_data": "tripadvisor_hotels_ukraine", "f1_micro_train": 0.5610602861834388, "f1_micro_val": 0.5626172901288627, "f1_micro_test": 0.5570427820865649, "conf_matrix_train": [[171, 0, 5, 90, 2976], [40, 0, 8, 208, 2698], [33, 0, 38, 641, 6089], [15, 0, 24, 1132, 14529], [13, 0, 5, 694, 34536]], "conf_matrix_val": [[24, 0, 0, 13, 355], [4, 0, 1, 17, 348], [4, 0, 1, 87, 764], [0, 0, 0, 142, 1809], [1, 0, 2, 91, 4330]], "conf_matrix_test": [[24, 0, 0, 9, 386], [4, 0, 2, 19, 343], [4, 0, 3, 85, 752], [2, 0, 6, 145, 1821], [1, 0, 1, 106, 4281]]}}